label,hidden,lr,epochs,optimizer,mean_acc,std_acc,n_seeds
hidden=16,16,0.05,80,momentum,0.23222222222222225,0.06807766080906841,5
hidden=32,32,0.05,80,momentum,0.345,0.05233439489369194,5
hidden=64,64,0.05,80,momentum,0.2911111111111111,0.025843785221362242,5
hidden=128,128,0.05,80,momentum,0.4,0.030225490019412105,5
lr=0.02,32,0.02,80,momentum,0.34222222222222226,0.053673682541175285,5
lr=0.05,32,0.05,80,momentum,0.345,0.05233439489369194,5
lr=0.1,32,0.1,80,momentum,0.3466666666666666,0.05335647646019099,5
lr=0.2,32,0.2,80,momentum,0.3327777777777778,0.04301162633521314,5
optimizer=momentum,32,0.05,80,momentum,0.345,0.05233439489369194,5
optimizer=adam,32,0.01,80,adam,0.36,0.035858087918010935,5
epochs=160,32,0.05,160,momentum,0.3572222222222222,0.06451624352837311,5
