k,snr,seed,task_oriented,classical_uncoded
16,-5,0,0.1019,0.1706
16,0,0,0.1025,0.218
16,5,0,0.1986,0.2523
16,10,0,0.2025,0.2762
16,15,0,0.2219,0.2851
16,20,0,0.2246,0.2883
32,-5,0,0.1031,0.1837
32,0,0,0.0977,0.2254
32,5,0,0.2318,0.2642
32,10,0,0.2333,0.2853
32,15,0,0.2662,0.2926
32,20,0,0.2723,0.2944
64,-5,0,0.1019,0.195
64,0,0,0.1034,0.2477
64,5,0,0.1868,0.2793
64,10,0,0.2574,0.2909
64,15,0,0.2797,0.2949
64,20,0,0.2677,0.2979
128,-5,0,0.0966,0.2156
128,0,0,0.0978,0.2599
128,5,0,0.1774,0.2855
128,10,0,0.2338,0.292
128,15,0,0.2737,0.2958
128,20,0,0.2257,0.2968
16,-5,1,0.1023,0.1698
16,0,1,0.1088,0.2171
16,5,1,0.1712,0.26
16,10,1,0.2812,0.2845
16,15,1,0.2839,0.2946
16,20,1,0.2761,0.2973
32,-5,1,0.1045,0.1839
32,0,1,0.1062,0.2343
32,5,1,0.1723,0.2761
32,10,1,0.2286,0.2956
32,15,1,0.2619,0.3027
32,20,1,0.2747,0.3045
64,-5,1,0.0961,0.1959
64,0,1,0.1025,0.2511
64,5,1,0.1885,0.2858
64,10,1,0.2496,0.2967
64,15,1,0.2768,0.3009
64,20,1,0.2827,0.3035
128,-5,1,0.1006,0.2144
128,0,1,0.0995,0.2596
128,5,1,0.1859,0.2878
128,10,1,0.2685,0.3033
128,15,1,0.2738,0.3072
128,20,1,0.2502,0.3081
16,-5,2,0.1028,0.1693
16,0,2,0.11,0.2156
16,5,2,0.1537,0.2568
16,10,2,0.2439,0.2806
16,15,2,0.2641,0.2867
16,20,2,0.2681,0.2903
32,-5,2,0.1045,0.1807
32,0,2,0.0969,0.2264
32,5,2,0.1615,0.2684
32,10,2,0.2364,0.2883
32,15,2,0.2645,0.2993
32,20,2,0.2846,0.299
64,-5,2,0.0947,0.2007
64,0,2,0.1529,0.2511
64,5,2,0.1358,0.2822
64,10,2,0.1971,0.296
64,15,2,0.1881,0.3017
64,20,2,0.178,0.3044
128,-5,2,0.1001,0.2082
128,0,2,0.1006,0.2514
128,5,2,0.2107,0.2847
128,10,2,0.2145,0.2954
128,15,2,0.2179,0.3004
128,20,2,0.2033,0.3014
16,-5,3,0.1016,0.1645
16,0,3,0.1027,0.2073
16,5,3,0.1597,0.2426
16,10,3,0.1853,0.2711
16,15,3,0.1626,0.2845
16,20,3,0.1039,0.2876
32,-5,3,0.0977,0.181
32,0,3,0.103,0.2288
32,5,3,0.1713,0.2591
32,10,3,0.2505,0.2806
32,15,3,0.2464,0.2915
32,20,3,0.2613,0.2938
64,-5,3,0.1038,0.198
64,0,3,0.1018,0.2417
64,5,3,0.1553,0.2699
64,10,3,0.2042,0.289
64,15,3,0.2211,0.2919
64,20,3,0.2033,0.2936
128,-5,3,0.099,0.2072
128,0,3,0.1005,0.25
128,5,3,0.2199,0.2776
128,10,3,0.2239,0.2885
128,15,3,0.1932,0.2937
128,20,3,0.2538,0.2951
16,-5,4,0.0965,0.1606
16,0,4,0.0994,0.2067
16,5,4,0.1641,0.2489
16,10,4,0.2612,0.2769
16,15,4,0.2839,0.2904
16,20,4,0.2874,0.2966
32,-5,4,0.0978,0.1812
32,0,4,0.1013,0.2307
32,5,4,0.1785,0.2729
32,10,4,0.2486,0.293
32,15,4,0.2763,0.3021
32,20,4,0.2871,0.3049
64,-5,4,0.0987,0.2036
64,0,4,0.1129,0.2474
64,5,4,0.1907,0.2851
64,10,4,0.2005,0.2978
64,15,4,0.2484,0.304
64,20,4,0.2161,0.3049
128,-5,4,0.1025,0.2117
128,0,4,0.1023,0.2547
128,5,4,0.1813,0.2857
128,10,4,0.2553,0.2999
128,15,4,0.2825,0.3009
128,20,4,0.3047,0.3015
