k,snr,n,mean_diff,ci_low,ci_high,d_z,p,p_holm,significant_holm,winner
16,-5,5,-0.11266000000000002,-0.17295104086403298,-0.052368959135967064,-2.3201766636124868,0.006569740463749845,0.107924822415885,False,Classical
16,0,5,-0.05591999999999997,-0.07014054961261805,-0.04169945038738189,-4.882641857804489,0.0003996545347813836,0.00879239976519044,True,Classical
16,5,5,-0.018779999999999974,-0.039114006128706275,0.0015540061287063305,-1.1467710660983375,0.062356369350098285,0.6859200628510811,False,Classical
16,10,5,0.00928,-0.005424258782957559,0.02398425878295756,0.783626163916935,0.15461095833370225,1.0,False,JSCC
16,15,5,0.024439999999999996,0.014360089374764146,0.03451991062523585,3.010569165179473,0.0025367841114101388,0.0456621140053825,True,JSCC
16,20,5,0.029379999999999983,0.019721162877335975,0.03903883712266399,3.7768613140424283,0.0010768262279427685,0.022613350786798138,True,JSCC
32,-5,5,-0.0633,-0.11770847812346666,-0.008891521876533325,-1.4445787457598231,0.03197019532399512,0.4475827345359317,False,Classical
32,0,5,-0.017080000000000005,-0.04832646896394481,0.014166468963944797,-0.6787205656354868,0.2037043117579583,1.0,False,Classical
32,5,5,-0.0007599999999999829,-0.01594657100089212,0.014426571000892152,-0.062138098098603295,0.8962082585235431,1.0,False,Classical
32,10,5,0.0043999999999999595,-0.0032046218157887824,0.0120046218157887,0.7184212081070942,0.1834526400556409,1.0,False,JSCC
32,15,5,0.01065999999999998,0.00500967840174673,0.01631032159825323,2.342545993301327,0.006348518965640294,0.107924822415885,False,JSCC
32,20,5,0.013800000000000034,0.00854158595170107,0.019058414048299,3.258580061939958,0.0018855611540090015,0.03582566192617103,True,JSCC
64,-5,5,-0.08759999999999998,-0.23066237918562124,0.055462379185621274,-0.7602960810649081,0.16434074316253988,1.0,False,Classical
64,0,5,0.0001600000000000268,-0.034313185904132994,0.03463318590413305,0.005762920789076743,0.9903356223617095,1.0,False,JSCC
64,5,5,0.0006600000000000162,-0.018364748065467167,0.019684748065467196,0.043075379289884974,0.9278996783596568,1.0,False,JSCC
64,10,5,0.004320000000000013,-0.006328454272417466,0.014968454272417492,0.5037340007304657,0.32300529977212883,1.0,False,JSCC
64,15,5,0.009679999999999977,0.0005141981765994941,0.01884580182340046,1.3113209006905284,0.04271984511725917,0.51263814140711,False,JSCC
64,20,5,0.012640000000000007,0.004846839564056085,0.02043316043594393,2.0138983492381577,0.010795956829591965,0.16193935244387947,False,JSCC
128,-5,5,-0.07458000000000002,-0.14316490444914276,-0.005995095550857268,-1.3501994605052512,0.039196443399726145,0.5095537641964399,False,Classical
128,0,5,-0.0032399999999999764,-0.014676662362793053,0.008196662362793098,-0.35176271070729304,0.47551992210575034,1.0,False,Classical
128,5,5,-0.0007600000000000051,-0.005012223347080689,0.003492223347080679,-0.22192264178285215,0.6457598513124486,1.0,False,Classical
128,10,5,0.007399999999999962,0.004922888103445301,0.009877111896554623,3.7092848326664423,0.001153702498105575,0.0230740499621115,True,JSCC
128,15,5,0.01339999999999999,0.010974778776457486,0.015825221223542494,6.860527779658375,0.00010533612039656398,0.0024227307691209714,True,JSCC
128,20,5,0.016760000000000018,0.0141442409415383,0.01937575905846174,7.955736038675239,5.8667282709175486e-05,0.0014080147850202116,True,JSCC
