k,snr,seed,analog_acc,digital_acc,ber,repeat_factor
4,-5,0,0.34444444444444444,0.14444444444444443,0.2132280183576204,6
4,0,0,0.48055555555555557,0.11388888888888889,0.07864960352514251,2
4,5,0,0.6611111111111111,0.3277777777777778,0.005953867147778654,1
4,10,0,0.7555555555555555,0.825,3.872108215522035e-06,1
4,15,0,0.8027777777777778,0.825,9.123957362628105e-16,1
4,20,0,0.825,0.825,1.0442437918812278e-45,1
8,-5,0,0.34444444444444444,0.11666666666666667,0.2132280183576204,6
8,0,0,0.5805555555555556,0.14722222222222223,0.07864960352514251,2
8,5,0,0.7555555555555555,0.4888888888888889,0.005953867147778654,1
8,10,0,0.8555555555555555,0.8972222222222223,3.872108215522035e-06,1
8,15,0,0.8805555555555555,0.8972222222222223,9.123957362628105e-16,1
8,20,0,0.8972222222222223,0.8972222222222223,1.0442437918812278e-45,1
16,-5,0,0.48055555555555557,0.14722222222222223,0.2132280183576204,6
16,0,0,0.7305555555555555,0.125,0.07864960352514251,2
16,5,0,0.8777777777777778,0.36944444444444446,0.005953867147778654,1
16,10,0,0.9333333333333333,0.9388888888888889,3.872108215522035e-06,1
16,15,0,0.9388888888888889,0.9388888888888889,9.123957362628105e-16,1
16,20,0,0.9416666666666667,0.9388888888888889,1.0442437918812278e-45,1
32,-5,0,0.5861111111111111,0.16944444444444445,0.2132280183576204,6
32,0,0,0.8027777777777778,0.1111111111111111,0.07864960352514251,2
32,5,0,0.9055555555555556,0.2222222222222222,0.005953867147778654,1
32,10,0,0.9388888888888889,0.9388888888888889,3.872108215522035e-06,1
32,15,0,0.95,0.9388888888888889,9.123957362628105e-16,1
32,20,0,0.9472222222222222,0.9388888888888889,1.0442437918812278e-45,1
4,-5,1,0.30833333333333335,0.11666666666666667,0.2132280183576204,6
4,0,1,0.45555555555555555,0.14444444444444443,0.07864960352514251,2
4,5,1,0.6305555555555555,0.39166666666666666,0.005953867147778654,1
4,10,1,0.7416666666666667,0.8277777777777777,3.872108215522035e-06,1
4,15,1,0.7916666666666666,0.8277777777777777,9.123957362628105e-16,1
4,20,1,0.8194444444444444,0.8277777777777777,1.0442437918812278e-45,1
8,-5,1,0.36666666666666664,0.11388888888888889,0.2132280183576204,6
8,0,1,0.5861111111111111,0.10833333333333334,0.07864960352514251,2
8,5,1,0.7888888888888889,0.35555555555555557,0.005953867147778654,1
8,10,1,0.8916666666666667,0.9166666666666666,3.872108215522035e-06,1
8,15,1,0.9138888888888889,0.9166666666666666,9.123957362628105e-16,1
8,20,1,0.925,0.9166666666666666,1.0442437918812278e-45,1
16,-5,1,0.4888888888888889,0.13333333333333333,0.2132280183576204,6
16,0,1,0.7194444444444444,0.1111111111111111,0.07864960352514251,2
16,5,1,0.8722222222222222,0.5722222222222222,0.005953867147778654,1
16,10,1,0.9222222222222223,0.95,3.872108215522035e-06,1
16,15,1,0.9527777777777777,0.95,9.123957362628105e-16,1
16,20,1,0.9555555555555556,0.95,1.0442437918812278e-45,1
32,-5,1,0.5777777777777777,0.12222222222222222,0.2132280183576204,6
32,0,1,0.825,0.12777777777777777,0.07864960352514251,2
32,5,1,0.9166666666666666,0.3416666666666667,0.005953867147778654,1
32,10,1,0.9444444444444444,0.9555555555555556,3.872108215522035e-06,1
32,15,1,0.95,0.9555555555555556,9.123957362628105e-16,1
32,20,1,0.9472222222222222,0.9555555555555556,1.0442437918812278e-45,1
4,-5,2,0.2833333333333333,0.10833333333333334,0.2132280183576204,6
4,0,2,0.44722222222222224,0.12222222222222222,0.07864960352514251,2
4,5,2,0.6166666666666667,0.5138888888888888,0.005953867147778654,1
4,10,2,0.7472222222222222,0.7972222222222223,3.872108215522035e-06,1
4,15,2,0.7916666666666666,0.7972222222222223,9.123957362628105e-16,1
4,20,2,0.8055555555555556,0.7972222222222223,1.0442437918812278e-45,1
8,-5,2,0.3611111111111111,0.12222222222222222,0.2132280183576204,6
8,0,2,0.5944444444444444,0.125,0.07864960352514251,2
8,5,2,0.7722222222222223,0.4888888888888889,0.005953867147778654,1
8,10,2,0.8583333333333333,0.9083333333333333,3.872108215522035e-06,1
8,15,2,0.8972222222222223,0.9083333333333333,9.123957362628105e-16,1
8,20,2,0.9055555555555556,0.9083333333333333,1.0442437918812278e-45,1
16,-5,2,0.48055555555555557,0.12222222222222222,0.2132280183576204,6
16,0,2,0.7166666666666667,0.06944444444444445,0.07864960352514251,2
16,5,2,0.8638888888888889,0.3972222222222222,0.005953867147778654,1
16,10,2,0.9305555555555556,0.9333333333333333,3.872108215522035e-06,1
16,15,2,0.9444444444444444,0.9333333333333333,9.123957362628105e-16,1
16,20,2,0.9416666666666667,0.9333333333333333,1.0442437918812278e-45,1
32,-5,2,0.5527777777777778,0.11666666666666667,0.2132280183576204,6
32,0,2,0.8111111111111111,0.15555555555555556,0.07864960352514251,2
32,5,2,0.9194444444444444,0.43333333333333335,0.005953867147778654,1
32,10,2,0.9277777777777778,0.9472222222222222,3.872108215522035e-06,1
32,15,2,0.9361111111111111,0.9472222222222222,9.123957362628105e-16,1
32,20,2,0.9444444444444444,0.9472222222222222,1.0442437918812278e-45,1
4,-5,3,0.3055555555555556,0.08055555555555556,0.2132280183576204,6
4,0,3,0.44722222222222224,0.12777777777777777,0.07864960352514251,2
4,5,3,0.6305555555555555,0.2777777777777778,0.005953867147778654,1
4,10,3,0.7638888888888888,0.8194444444444444,3.872108215522035e-06,1
4,15,3,0.8111111111111111,0.8194444444444444,9.123957362628105e-16,1
4,20,3,0.8388888888888889,0.8194444444444444,1.0442437918812278e-45,1
8,-5,3,0.34444444444444444,0.09444444444444444,0.2132280183576204,6
8,0,3,0.5666666666666667,0.11666666666666667,0.07864960352514251,2
8,5,3,0.8111111111111111,0.22777777777777777,0.005953867147778654,1
8,10,3,0.8916666666666667,0.9166666666666666,3.872108215522035e-06,1
8,15,3,0.9194444444444444,0.9166666666666666,9.123957362628105e-16,1
8,20,3,0.9194444444444444,0.9166666666666666,1.0442437918812278e-45,1
16,-5,3,0.5111111111111111,0.11388888888888889,0.2132280183576204,6
16,0,3,0.7444444444444445,0.10833333333333334,0.07864960352514251,2
16,5,3,0.8805555555555555,0.26666666666666666,0.005953867147778654,1
16,10,3,0.9305555555555556,0.9444444444444444,3.872108215522035e-06,1
16,15,3,0.9472222222222222,0.9444444444444444,9.123957362628105e-16,1
16,20,3,0.9472222222222222,0.9444444444444444,1.0442437918812278e-45,1
32,-5,3,0.5638888888888889,0.1111111111111111,0.2132280183576204,6
32,0,3,0.8277777777777777,0.10833333333333334,0.07864960352514251,2
32,5,3,0.9305555555555556,0.37777777777777777,0.005953867147778654,1
32,10,3,0.9527777777777777,0.9555555555555556,3.872108215522035e-06,1
32,15,3,0.9666666666666667,0.9555555555555556,9.123957362628105e-16,1
32,20,3,0.9638888888888889,0.9555555555555556,1.0442437918812278e-45,1
4,-5,4,0.29444444444444445,0.08333333333333333,0.2132280183576204,6
4,0,4,0.48055555555555557,0.1111111111111111,0.07864960352514251,2
4,5,4,0.6444444444444445,0.3611111111111111,0.005953867147778654,1
4,10,4,0.7666666666666667,0.8,3.872108215522035e-06,1
4,15,4,0.8,0.8,9.123957362628105e-16,1
4,20,4,0.7944444444444444,0.8,1.0442437918812278e-45,1
8,-5,4,0.37222222222222223,0.125,0.2132280183576204,6
8,0,4,0.55,0.10833333333333334,0.07864960352514251,2
8,5,4,0.7638888888888888,0.18333333333333332,0.005953867147778654,1
8,10,4,0.8472222222222222,0.8916666666666667,3.872108215522035e-06,1
8,15,4,0.8805555555555555,0.8916666666666667,9.123957362628105e-16,1
8,20,4,0.8916666666666667,0.8916666666666667,1.0442437918812278e-45,1
16,-5,4,0.5,0.12777777777777777,0.2132280183576204,6
16,0,4,0.7527777777777778,0.13333333333333333,0.07864960352514251,2
16,5,4,0.8583333333333333,0.3055555555555556,0.005953867147778654,1
16,10,4,0.9083333333333333,0.9333333333333333,3.872108215522035e-06,1
16,15,4,0.9361111111111111,0.9333333333333333,9.123957362628105e-16,1
16,20,4,0.9388888888888889,0.9333333333333333,1.0442437918812278e-45,1
32,-5,4,0.6,0.14444444444444443,0.2132280183576204,6
32,0,4,0.8138888888888889,0.1388888888888889,0.07864960352514251,2
32,5,4,0.9138888888888889,0.35555555555555557,0.005953867147778654,1
32,10,4,0.9472222222222222,0.95,3.872108215522035e-06,1
32,15,4,0.9527777777777777,0.95,9.123957362628105e-16,1
32,20,4,0.95,0.95,1.0442437918812278e-45,1
