k,snr,n,mean_a,mean_b,mean_diff,ci_low,ci_high,d_z,p,p_holm,significant_holm,winner
4,-5,5,0.10666666666666662,0.1916666666666666,-0.08499999999999999,-0.13214004841208982,-0.037859951587910154,-2.238891206150143,0.007457070777799113,0.09694192011138847,False,B
4,0,5,0.12388888888888885,0.345,-0.22111111111111112,-0.30154168914579527,-0.14068053307642694,-3.4134493743300744,0.0015823583557362775,0.026900092047516717,True,B
4,5,5,0.37444444444444447,0.5661111111111111,-0.1916666666666667,-0.27255444979972643,-0.11077888353360696,-2.9421698857074263,0.002763381614443758,0.041450724216656375,True,B
4,10,5,0.8138888888888889,0.7905555555555555,0.023333333333333338,-0.05264796913014714,0.09931463579681382,0.3813064401207516,0.44191012415469105,0.8971211733918771,False,A
4,15,5,0.8138888888888889,0.8822222222222222,-0.06833333333333338,-0.12355072545252266,-0.013115941214144104,-1.5365999121094136,0.026391591581819893,0.21113273265455915,False,B
4,20,5,0.8138888888888889,0.9149999999999998,-0.10111111111111107,-0.13846627054249394,-0.0637559516797282,-3.360875134682822,0.0016780319366091986,0.026900092047516717,True,B
8,-5,5,0.11444444444444439,0.21666666666666662,-0.10222222222222221,-0.1216414170696703,-0.08280302737477413,-6.536092466593569,0.0001274981987380848,0.002511141557826877,True,B
8,0,5,0.12111111111111109,0.4527777777777778,-0.33166666666666667,-0.3801748189041802,-0.28315851442915313,-8.489677310070178,4.535809097676187e-05,0.0009978780014887612,True,B
8,5,5,0.34888888888888886,0.7338888888888888,-0.385,-0.582315554141906,-0.18768444585809393,-2.422721520294595,0.005626831928144827,0.07877564699402759,False,B
8,10,5,0.9061111111111112,0.8727777777777778,0.033333333333333284,-0.024534975139689774,0.09120164180635634,0.7152239460985794,0.1850039513003167,0.8890390417810955,False,A
8,15,5,0.9061111111111112,0.9216666666666665,-0.015555555555555456,-0.051778966635783456,0.020667855524672547,-0.5332124371891205,0.2990403911306257,0.8971211733918771,False,B
8,20,5,0.9061111111111112,0.9472222222222222,-0.04111111111111112,-0.07151380715950474,-0.010708415062717497,-1.6790019711267856,0.019871739561281368,0.19871739561281368,False,B
16,-5,5,0.12888888888888883,0.22666666666666663,-0.09777777777777777,-0.1738685972583056,-0.02168695829724994,-1.595555775583461,0.023422420096357303,0.21080178086721574,False,B
16,0,5,0.10944444444444441,0.5883333333333334,-0.478888888888889,-0.4998119632038716,-0.45796581457390634,-28.419298403358432,3.673171541007369e-07,8.815611698417687e-06,True,B
16,5,5,0.3822222222222222,0.8283333333333334,-0.44611111111111124,-0.5975286730072056,-0.29469354921501684,-3.6582289328199358,0.0012163296171569947,0.021893933108825904,True,B
16,10,5,0.9400000000000001,0.9033333333333333,0.036666666666666556,0.016058673754451015,0.0572746595788821,2.209224359115099,0.0078169165411653,0.09694192011138847,False,A
16,15,5,0.9400000000000001,0.9355555555555555,0.004444444444444406,-0.00882437993388882,0.01771326882277763,0.41590019592802535,0.4050233143090643,0.8971211733918771,False,A
16,20,5,0.9400000000000001,0.9466666666666665,-0.006666666666666665,-0.018001456344304185,0.004668123010970853,-0.7302967433402262,0.1778078083562191,0.8890390417810955,False,B
32,-5,5,0.13277777777777774,0.4155555555555555,-0.2827777777777778,-0.3362883547078755,-0.2292672008476801,-6.561599711724322,0.00012555707789134384,0.002511141557826877,True,B
32,0,5,0.12833333333333333,0.7122222222222222,-0.5838888888888889,-0.6296069147540428,-0.538170863023735,-15.857942213491723,3.7750678611380908e-06,8.682656080617609e-05,True,B
32,5,5,0.34611111111111115,0.888888888888889,-0.5427777777777778,-0.628054163661973,-0.45750139189358263,-7.903097894028091,6.0229212673538376e-05,0.001264813466144306,True,B
32,10,5,0.9494444444444445,0.9355555555555556,0.013888888888888794,-0.0031831200877655667,0.030960897865543156,1.0101525445522053,0.08679850044814849,0.6075895031370394,False,A
32,15,5,0.9494444444444445,0.9566666666666667,-0.007222222222222285,-0.01715888690130592,0.002714442456861349,-0.9024731748508185,0.11375780482862334,0.68254682897174,False,B
32,20,5,0.9494444444444445,0.9627777777777778,-0.013333333333333397,-0.0211984154276794,-0.005468251238987393,-2.1049392463368672,0.009261696759514463,0.1018786643546591,False,B
