k,snr,task_mean,task_std,recon_mean,recon_std,classical_mean,classical_std,classical_rep_mean,classical_rep_std
4,-5,0.19166666666666665,0.021336515966301695,0.09388888888888888,0.005343162239353153,0.30722222222222223,0.02304049039258636,0.2727777777777778,0.03692459784379414
4,0,0.34500000000000003,0.05851163227180654,0.09666666666666666,0.013379549531991438,0.46222222222222226,0.01707825127659933,0.3827777777777778,0.030263758222144107
4,5,0.5661111111111111,0.07791159123893383,0.09944444444444445,0.021907493503478172,0.6366666666666667,0.01682792358984548,0.4966666666666667,0.03666245767088092
4,10,0.7905555555555555,0.05279970304817358,0.4344444444444444,0.08596762238636958,0.755,0.010650160840378228,0.5666666666666667,0.02315740555629594
4,15,0.8822222222222222,0.03195048252113468,0.5983333333333334,0.0728763115842416,0.7994444444444444,0.008193267335418144,0.5938888888888889,0.01513825177048743
4,20,0.915,0.016503834197236604,0.6777777777777778,0.07179359990733382,0.8166666666666667,0.017235657841653977,0.6105555555555556,0.017502204446692583
8,-5,0.2166666666666667,0.013749298523071763,0.10055555555555555,0.014619663741045298,0.35777777777777775,0.01278984937024594,0.375,0.013888888888888895
8,0,0.4527777777777778,0.0437885632512068,0.09944444444444445,0.013522957160708985,0.5755555555555556,0.01750220444669257,0.5683333333333334,0.022956615012660424
8,5,0.7338888888888888,0.029160052160023788,0.26888888888888884,0.037955057894213315,0.7783333333333333,0.022082896571502024,0.7155555555555556,0.01707825127659939
8,10,0.8727777777777778,0.0395479861671431,0.6005555555555555,0.06931654889431013,0.8688888888888888,0.02119136791417855,0.7777777777777778,0.019934305686676874
8,15,0.9216666666666666,0.024798571245184062,0.76,0.02244678205648549,0.8983333333333332,0.01817269692644014,0.8061111111111112,0.011351564856501404
8,20,0.9472222222222222,0.018320702719823518,0.8094444444444445,0.026686913609945424,0.9077777777777778,0.014218315435632999,0.8099999999999999,0.01050426133399388
16,-5,0.22666666666666666,0.07279685924577642,0.10111111111111111,0.011882916464559683,0.4922222222222222,0.013234588055079535,0.48388888888888887,0.02794394742213176
16,0,0.5883333333333333,0.017937649212181103,0.10388888888888889,0.01188291646455969,0.7327777777777778,0.01563965362251029,0.7155555555555556,0.02065665826953138
16,5,0.8283333333333334,0.03623908946066767,0.5272222222222223,0.05238891834569692,0.8705555555555555,0.009337631285539785,0.8422222222222222,0.023684526385880277
16,10,0.9033333333333333,0.010650160840378191,0.7527777777777778,0.02770824631008332,0.925,0.010206207261596592,0.8800000000000001,0.013944333775567964
16,15,0.9355555555555556,0.008425417160057241,0.8338888888888889,0.021372648957412626,0.9438888888888888,0.006631853547951826,0.8972222222222221,0.008561686115234722
16,20,0.9466666666666667,0.0063343079172174105,0.8783333333333333,0.01278984937024594,0.945,0.006631853547951866,0.9016666666666666,0.010130323627116926
32,-5,0.4155555555555555,0.028571979712497315,0.095,0.009501461875826157,0.5761111111111111,0.018488401435881895,0.6038888888888889,0.03549691344606638
32,0,0.7122222222222223,0.029370977528636287,0.27888888888888885,0.11812253002186092,0.8161111111111111,0.01028153084628982,0.8194444444444444,0.02859897261385277
32,5,0.888888888888889,0.026352313834736456,0.7188888888888888,0.03259601202601331,0.9172222222222223,0.009086348463220081,0.9122222222222222,0.013971973711065845
32,10,0.9355555555555556,0.01563965362251026,0.861111111111111,0.017677669529663664,0.9422222222222223,0.009501461875826117,0.9388888888888889,0.0043920523057894
32,15,0.9566666666666667,0.009938079899999118,0.8961111111111112,0.019104165404499374,0.9511111111111111,0.010865337342004426,0.945,0.006334307917217408
32,20,0.9627777777777778,0.006394924685122933,0.9111111111111111,0.0141639430933133,0.9505555555555555,0.007708020514173107,0.9438888888888888,0.007190099503080412
