k,snr,seed,task_oriented,reconstruction,classical_uncoded,classical_repetition
4,-5,0,0.16666666666666666,0.09722222222222222,0.34444444444444444,0.30833333333333335
4,-5,1,0.19444444444444445,0.09166666666666666,0.30833333333333335,0.3111111111111111
4,-5,2,0.225,0.09444444444444444,0.2833333333333333,0.25277777777777777
4,-5,3,0.18888888888888888,0.08611111111111111,0.3055555555555556,0.225
4,-5,4,0.18333333333333332,0.1,0.29444444444444445,0.26666666666666666
4,0,0,0.4,0.08055555555555556,0.48055555555555557,0.4083333333333333
4,0,1,0.3138888888888889,0.09722222222222222,0.45555555555555555,0.39444444444444443
4,0,2,0.41388888888888886,0.10833333333333334,0.44722222222222224,0.36944444444444446
4,0,3,0.28055555555555556,0.08611111111111111,0.44722222222222224,0.33611111111111114
4,0,4,0.31666666666666665,0.1111111111111111,0.48055555555555557,0.40555555555555556
4,5,0,0.625,0.07777777777777778,0.6611111111111111,0.5166666666666667
4,5,1,0.5194444444444445,0.09722222222222222,0.6305555555555555,0.5083333333333333
4,5,2,0.6638888888888889,0.08333333333333333,0.6166666666666667,0.49166666666666664
4,5,3,0.4722222222222222,0.10555555555555556,0.6305555555555555,0.4361111111111111
4,5,4,0.55,0.13333333333333333,0.6444444444444445,0.5305555555555556
4,10,0,0.825,0.3277777777777778,0.7555555555555555,0.5805555555555556
4,10,1,0.7333333333333333,0.525,0.7416666666666667,0.5944444444444444
4,10,2,0.8638888888888889,0.4527777777777778,0.7472222222222222,0.5583333333333333
4,10,3,0.7611111111111111,0.5027777777777778,0.7638888888888888,0.5333333333333333
4,10,4,0.7694444444444445,0.3638888888888889,0.7666666666666667,0.5666666666666667
4,15,0,0.8888888888888888,0.6527777777777778,0.8027777777777778,0.5805555555555556
4,15,1,0.8388888888888889,0.6722222222222223,0.7916666666666666,0.6166666666666667
4,15,2,0.9222222222222223,0.5138888888888888,0.7916666666666666,0.5916666666666667
4,15,3,0.8638888888888889,0.625,0.8111111111111111,0.5805555555555556
4,15,4,0.8972222222222223,0.5277777777777778,0.8,0.6
4,20,0,0.9138888888888889,0.6916666666666667,0.825,0.5833333333333334
4,20,1,0.8916666666666667,0.7083333333333334,0.8194444444444444,0.6305555555555555
4,20,2,0.9333333333333333,0.6805555555555556,0.8055555555555556,0.6083333333333333
4,20,3,0.9083333333333333,0.75,0.8388888888888889,0.6111111111111112
4,20,4,0.9277777777777778,0.5583333333333333,0.7944444444444444,0.6194444444444445
8,-5,0,0.21666666666666667,0.09166666666666666,0.34444444444444444,0.36666666666666664
8,-5,1,0.20277777777777778,0.08611111111111111,0.36666666666666664,0.35555555555555557
8,-5,2,0.20833333333333334,0.10833333333333334,0.3611111111111111,0.37777777777777777
8,-5,3,0.21666666666666667,0.12222222222222222,0.34444444444444444,0.3888888888888889
8,-5,4,0.2388888888888889,0.09444444444444444,0.37222222222222223,0.3861111111111111
8,0,0,0.475,0.08611111111111111,0.5805555555555556,0.5527777777777778
8,0,1,0.39166666666666666,0.09444444444444444,0.5861111111111111,0.5361111111111111
8,0,2,0.49444444444444446,0.09722222222222222,0.5944444444444444,0.5861111111111111
8,0,3,0.4222222222222222,0.12222222222222222,0.5666666666666667,0.5777777777777777
8,0,4,0.48055555555555557,0.09722222222222222,0.55,0.5888888888888889
8,5,0,0.7333333333333333,0.3333333333333333,0.7555555555555555,0.6888888888888889
8,5,1,0.7,0.25277777777777777,0.7888888888888889,0.7138888888888889
8,5,2,0.7277777777777777,0.2722222222222222,0.7722222222222223,0.7361111111111112
8,5,3,0.7277777777777777,0.24166666666666667,0.8111111111111111,0.7194444444444444
8,5,4,0.7805555555555556,0.24444444444444444,0.7638888888888888,0.7194444444444444
8,10,0,0.8611111111111112,0.6666666666666666,0.8555555555555555,0.7611111111111111
8,10,1,0.8361111111111111,0.6444444444444445,0.8916666666666667,0.7722222222222223
8,10,2,0.8416666666666667,0.6305555555555555,0.8583333333333333,0.8083333333333333
8,10,3,0.8944444444444445,0.49722222222222223,0.8916666666666667,0.7861111111111111
8,10,4,0.9305555555555556,0.5638888888888889,0.8472222222222222,0.7611111111111111
8,15,0,0.9138888888888889,0.7694444444444445,0.8805555555555555,0.7972222222222223
8,15,1,0.8888888888888888,0.7833333333333333,0.9138888888888889,0.8027777777777778
8,15,2,0.9138888888888889,0.7388888888888889,0.8972222222222223,0.8166666666666667
8,15,3,0.9527777777777777,0.7333333333333333,0.9194444444444444,0.8194444444444444
8,15,4,0.9388888888888889,0.775,0.8805555555555555,0.7944444444444444
8,20,0,0.9361111111111111,0.8388888888888889,0.8972222222222223,0.8055555555555556
8,20,1,0.9277777777777778,0.8305555555555556,0.925,0.8222222222222222
8,20,2,0.9388888888888889,0.7722222222222223,0.9055555555555556,0.8055555555555556
8,20,3,0.9638888888888889,0.7972222222222223,0.9194444444444444,0.8194444444444444
8,20,4,0.9694444444444444,0.8083333333333333,0.8916666666666667,0.7972222222222223
16,-5,0,0.325,0.10555555555555556,0.48055555555555557,0.4666666666666667
16,-5,1,0.23055555555555557,0.10555555555555556,0.4888888888888889,0.5277777777777778
16,-5,2,0.23055555555555557,0.10277777777777777,0.48055555555555557,0.45555555555555555
16,-5,3,0.11944444444444445,0.08055555555555556,0.5111111111111111,0.49166666666666664
16,-5,4,0.22777777777777777,0.1111111111111111,0.5,0.4777777777777778
16,0,0,0.6166666666666667,0.10833333333333334,0.7305555555555555,0.725
16,0,1,0.5861111111111111,0.1,0.7194444444444444,0.7444444444444445
16,0,2,0.5694444444444444,0.12222222222222222,0.7166666666666667,0.7083333333333334
16,0,3,0.5777777777777777,0.09722222222222222,0.7444444444444445,0.7111111111111111
16,0,4,0.5916666666666667,0.09166666666666666,0.7527777777777778,0.6888888888888889
16,5,0,0.8666666666666667,0.5583333333333333,0.8777777777777778,0.8694444444444445
16,5,1,0.8305555555555556,0.5166666666666667,0.8722222222222222,0.85
16,5,2,0.7888888888888889,0.5444444444444444,0.8638888888888889,0.85
16,5,3,0.7944444444444444,0.575,0.8805555555555555,0.8361111111111111
16,5,4,0.8611111111111112,0.44166666666666665,0.8583333333333333,0.8055555555555556
16,10,0,0.9166666666666666,0.7694444444444445,0.9333333333333333,0.8916666666666667
16,10,1,0.8916666666666667,0.7361111111111112,0.9222222222222223,0.8972222222222223
16,10,2,0.9027777777777778,0.7138888888888889,0.9305555555555556,0.8722222222222222
16,10,3,0.8944444444444445,0.7833333333333333,0.9305555555555556,0.875
16,10,4,0.9111111111111111,0.7611111111111111,0.9083333333333333,0.8638888888888889
16,15,0,0.9388888888888889,0.825,0.9388888888888889,0.8972222222222223
16,15,1,0.9333333333333333,0.825,0.9527777777777777,0.9083333333333333
16,15,2,0.9222222222222223,0.8138888888888889,0.9444444444444444,0.8888888888888888
16,15,3,0.9388888888888889,0.8361111111111111,0.9472222222222222,0.9027777777777778
16,15,4,0.9444444444444444,0.8694444444444445,0.9361111111111111,0.8888888888888888
16,20,0,0.9527777777777777,0.8777777777777778,0.9416666666666667,0.9055555555555556
16,20,1,0.9416666666666667,0.8611111111111112,0.9555555555555556,0.9111111111111111
16,20,2,0.9388888888888889,0.8722222222222222,0.9416666666666667,0.8972222222222223
16,20,3,0.9527777777777777,0.8944444444444445,0.9472222222222222,0.9083333333333333
16,20,4,0.9472222222222222,0.8861111111111111,0.9388888888888889,0.8861111111111111
32,-5,0,0.38055555555555554,0.10833333333333334,0.5861111111111111,0.5861111111111111
32,-5,1,0.41388888888888886,0.1,0.5777777777777777,0.6333333333333333
32,-5,2,0.3972222222222222,0.09166666666666666,0.5527777777777778,0.5527777777777778
32,-5,3,0.43333333333333335,0.08333333333333333,0.5638888888888889,0.6083333333333333
32,-5,4,0.4527777777777778,0.09166666666666666,0.6,0.6388888888888888
32,0,0,0.675,0.18333333333333332,0.8027777777777778,0.7888888888888889
32,0,1,0.7055555555555556,0.4222222222222222,0.825,0.8388888888888889
32,0,2,0.6972222222222222,0.26944444444444443,0.8111111111111111,0.8
32,0,3,0.7472222222222222,0.37222222222222223,0.8277777777777777,0.8583333333333333
32,0,4,0.7361111111111112,0.14722222222222223,0.8138888888888889,0.8111111111111111
32,5,0,0.8583333333333333,0.6972222222222222,0.9055555555555556,0.9055555555555556
32,5,1,0.875,0.6944444444444444,0.9166666666666666,0.9
32,5,2,0.8805555555555555,0.7027777777777777,0.9194444444444444,0.9083333333333333
32,5,3,0.9055555555555556,0.7722222222222223,0.9305555555555556,0.9361111111111111
32,5,4,0.925,0.7277777777777777,0.9138888888888889,0.9111111111111111
32,10,0,0.9222222222222223,0.8611111111111112,0.9388888888888889,0.9361111111111111
32,10,1,0.9305555555555556,0.8472222222222222,0.9444444444444444,0.9416666666666667
32,10,2,0.9222222222222223,0.8888888888888888,0.9277777777777778,0.9388888888888889
32,10,3,0.9444444444444444,0.8638888888888889,0.9527777777777777,0.9444444444444444
32,10,4,0.9583333333333334,0.8444444444444444,0.9472222222222222,0.9333333333333333
32,15,0,0.9416666666666667,0.8861111111111111,0.95,0.9388888888888889
32,15,1,0.9583333333333334,0.8916666666666667,0.95,0.95
32,15,2,0.9583333333333334,0.9277777777777778,0.9361111111111111,0.9444444444444444
32,15,3,0.9555555555555556,0.8972222222222223,0.9666666666666667,0.9527777777777777
32,15,4,0.9694444444444444,0.8777777777777778,0.9527777777777777,0.9388888888888889
32,20,0,0.9555555555555556,0.8944444444444445,0.9472222222222222,0.9388888888888889
32,20,1,0.9694444444444444,0.9111111111111111,0.9472222222222222,0.95
32,20,2,0.9611111111111111,0.9277777777777778,0.9444444444444444,0.9416666666666667
32,20,3,0.9583333333333334,0.9222222222222223,0.9638888888888889,0.9527777777777777
32,20,4,0.9694444444444444,0.9,0.95,0.9361111111111111
