k,snr,seed,mlp_acc,cnn_acc
4,0,0,0.4,0.16666666666666666
4,0,1,0.3138888888888889,0.10833333333333334
4,0,2,0.41388888888888886,0.20277777777777778
4,0,3,0.28055555555555556,0.21388888888888888
4,0,4,0.31666666666666665,0.2833333333333333
8,5,0,0.7333333333333333,0.4027777777777778
8,5,1,0.7,0.43333333333333335
8,5,2,0.7277777777777777,0.49166666666666664
8,5,3,0.7277777777777777,0.4861111111111111
8,5,4,0.7805555555555556,0.4166666666666667
16,10,0,0.9166666666666666,0.7
16,10,1,0.8916666666666667,0.7861111111111111
16,10,2,0.9027777777777778,0.8083333333333333
16,10,3,0.8944444444444445,0.75
16,10,4,0.9111111111111111,0.7722222222222223
32,15,0,0.9416666666666667,0.9111111111111111
32,15,1,0.9583333333333334,0.8888888888888888
32,15,2,0.9583333333333334,0.9
32,15,3,0.9555555555555556,0.9305555555555556
32,15,4,0.9694444444444444,0.9083333333333333
